City_ID,City,Description,Date,Lat,Lng,Max Temp,Humidity,Cloudiness,Wind Speed
0,Moranbah,few clouds,2021-02-18 04:08:15,-22.0016,148.0466,86.95,43,19,16.04
1,Gornopravdinsk,clear sky,2021-02-18 04:08:15,60.05,69.9,-21.89,87,0,1.5
2,San Ramon,clear sky,2021-02-18 04:07:47,37.7799,-121.978,53.6,26,1,1.79
3,Atuona,clear sky,2021-02-18 04:01:06,-9.8,-139.0333,79.48,77,1,15.59
4,Punta Arenas,overcast clouds,2021-02-18 04:01:06,-53.15,-70.9167,48.2,81,90,13.8
5,Jamestown,clear sky,2021-02-18 03:59:10,42.097,-79.2353,18.0,85,1,5.75
6,Fare,light rain,2021-02-18 03:59:54,-16.7,-151.0167,81.28,75,14,12.28
7,Chokurdakh,overcast clouds,2021-02-18 04:01:05,70.6333,147.9167,-17.48,86,99,6.42
8,Port Alfred,clear sky,2021-02-18 03:59:24,-33.5906,26.891,69.01,89,0,7.0
9,Coelho Neto,overcast clouds,2021-02-18 04:08:16,-4.2567,-43.0128,72.32,98,100,2.42
10,Mar Del Plata,overcast clouds,2021-02-18 03:59:20,-38.0023,-57.5575,66.99,88,90,3.44
11,Lompoc,clear sky,2021-02-18 03:57:27,34.6391,-120.4579,51.8,71,1,9.64
12,Hattiesburg,heavy intensity rain,2021-02-18 04:05:26,31.3271,-89.2903,37.4,93,90,9.22
13,Makakilo City,clear sky,2021-02-18 04:08:16,21.3469,-158.0858,77.0,64,1,6.91
14,New Norfolk,clear sky,2021-02-18 04:08:16,-42.7826,147.0587,87.01,27,0,3.0
15,Mataura,clear sky,2021-02-18 04:08:16,-46.1927,168.8643,61.0,74,7,13.0
16,Mahon,overcast clouds,2021-02-18 04:08:16,39.8885,4.2658,53.6,87,90,5.75
17,Albany,overcast clouds,2021-02-18 04:08:16,42.6001,-73.9662,19.4,58,90,3.51
18,Busselton,clear sky,2021-02-18 04:08:16,-33.65,115.3333,68.0,51,4,8.99
19,Rikitea,few clouds,2021-02-18 04:08:17,-23.1203,-134.9692,79.05,66,17,8.7
20,Petropavlovsk-Kamchatskiy,few clouds,2021-02-18 04:08:17,53.0452,158.6483,32.0,59,20,4.47
21,Bredasdorp,broken clouds,2021-02-18 04:08:17,-34.5322,20.0403,60.8,72,56,5.75
22,San Luis,clear sky,2021-02-18 04:08:17,-33.295,-66.3356,71.92,43,0,8.88
23,Wenling,clear sky,2021-02-18 04:08:17,28.3669,121.36,57.0,46,0,8.48
24,Fairbanks,overcast clouds,2021-02-18 04:05:32,64.8378,-147.7164,5.0,85,90,3.24
25,Bambous Virieux,broken clouds,2021-02-18 04:08:17,-20.3428,57.7575,86.0,83,75,3.44
26,Esperance,broken clouds,2021-02-18 04:08:17,-33.8667,121.9,71.6,53,75,26.46
27,Yellowknife,broken clouds,2021-02-18 04:07:03,62.456,-114.3525,-9.0,84,75,10.36
28,Carnarvon,broken clouds,2021-02-18 04:08:17,-24.8667,113.6333,80.6,69,63,26.46
29,Leningradskiy,clear sky,2021-02-18 04:08:17,69.3833,178.4167,-24.25,85,0,3.76
30,Airai,overcast clouds,2021-02-18 04:08:17,-8.9266,125.4092,70.56,92,90,4.79
31,Camacha,clear sky,2021-02-18 04:08:18,33.0833,-16.3333,60.8,88,0,12.66
32,Souillac,broken clouds,2021-02-18 04:08:18,-20.5167,57.5167,77.0,83,75,3.44
33,Talnakh,overcast clouds,2021-02-18 04:07:20,69.4865,88.3972,-20.18,86,100,1.54
34,Lavrentiya,clear sky,2021-02-18 04:08:18,65.5833,-171.0,-14.62,85,0,4.65
35,Encruzilhada Do Sul,clear sky,2021-02-18 04:08:18,-30.5439,-52.5219,60.62,100,0,4.45
36,Vaini,light rain,2021-02-18 03:59:13,-21.2,-175.2,86.0,70,20,6.91
37,Honiara,moderate rain,2021-02-18 04:08:18,-9.4333,159.95,84.4,72,100,3.2
38,Norman Wells,few clouds,2021-02-18 03:59:14,65.282,-126.8329,-9.4,84,20,3.44
39,Ushuaia,light rain,2021-02-18 03:59:13,-54.8,-68.3,51.8,87,75,3.44
40,Namibe,few clouds,2021-02-18 04:08:18,-15.1961,12.1522,71.8,76,21,7.99
41,Waipawa,clear sky,2021-02-18 04:08:18,-41.4122,175.5153,64.99,63,0,11.5
42,Tomatlan,clear sky,2021-02-18 04:08:19,19.9333,-105.25,59.36,91,1,1.9
43,Guerrero Negro,clear sky,2021-02-18 03:59:12,27.9769,-114.0611,57.74,77,6,14.9
44,Longyearbyen,broken clouds,2021-02-18 03:59:16,78.2186,15.6401,32.0,86,75,4.61
45,Butaritari,clear sky,2021-02-18 04:08:19,3.0707,172.7902,81.91,81,3,19.64
46,Sakakah,scattered clouds,2021-02-18 04:08:19,29.9697,40.2064,46.4,42,40,12.66
47,Hilo,light rain,2021-02-18 03:55:13,19.7297,-155.09,78.8,61,40,6.64
48,Cairns,light rain,2021-02-18 04:08:19,-16.9167,145.7667,81.0,89,75,4.61
49,Saint George,clear sky,2021-02-18 03:57:20,37.1041,-113.5841,42.01,36,1,16.11
50,Kodiak,overcast clouds,2021-02-18 03:58:45,57.79,-152.4072,33.8,80,90,3.98
51,Cape Town,broken clouds,2021-02-18 03:59:14,-33.9258,18.4232,64.99,72,75,2.3
52,Bluff,broken clouds,2021-02-18 03:59:06,-46.6,168.3333,62.01,73,64,11.99
53,Manzanillo,clear sky,2021-02-18 04:06:51,20.3433,-77.1167,73.42,76,6,5.19
54,Hofn,overcast clouds,2021-02-18 03:59:18,64.2539,-15.2082,39.87,72,100,4.09
55,Lagoa,overcast clouds,2021-02-18 04:08:20,39.05,-27.9833,58.39,79,98,26.46
56,Shahr-E Babak,scattered clouds,2021-02-18 04:08:20,30.1165,55.1186,48.99,49,49,12.93
57,Vardo,light snow,2021-02-18 04:08:20,70.3705,31.1107,23.0,74,75,11.5
58,Pompeu,overcast clouds,2021-02-18 04:08:20,-19.2244,-44.9353,68.56,95,100,4.29
59,Kulob,clear sky,2021-02-18 04:08:20,37.9145,69.783,51.8,30,0,8.95
60,Chuy,scattered clouds,2021-02-18 03:59:19,-33.6971,-53.4616,64.8,96,27,8.14
61,Tasiilaq,snow,2021-02-18 03:59:12,65.6145,-37.6368,32.0,93,90,29.93
62,Arman,overcast clouds,2021-02-18 04:08:20,59.7,150.1667,9.39,89,100,9.37
63,Victoria,scattered clouds,2021-02-18 03:59:16,22.2855,114.1577,69.01,56,39,1.99
64,Coquimbo,clear sky,2021-02-18 03:59:38,-29.9533,-71.3436,60.8,77,0,3.44
65,Amga,broken clouds,2021-02-18 04:08:21,60.8953,131.9608,-15.0,85,66,4.16
66,Hobart,clear sky,2021-02-18 03:59:18,-42.8794,147.3294,87.01,24,0,13.8
67,Vernon,broken clouds,2021-02-18 04:08:21,50.2581,-119.2691,28.4,68,69,3.44
68,Nueva Loja,overcast clouds,2021-02-18 04:07:50,0.0847,-76.8828,72.64,95,100,3.27
69,Nanortalik,clear sky,2021-02-18 03:59:38,60.1432,-45.2371,15.82,80,10,8.66
70,Qaanaaq,scattered clouds,2021-02-18 04:01:06,77.484,-69.3632,-9.85,72,25,5.79
71,Mount Gambier,clear sky,2021-02-18 03:59:16,-37.8333,140.7667,91.4,22,0,14.97
72,Daryapur,few clouds,2021-02-18 04:08:21,20.9333,77.3333,73.94,53,23,12.91
73,Dhrangadhra,clear sky,2021-02-18 04:08:21,22.9833,71.4667,75.67,18,0,9.73
74,Nikolskoye,few clouds,2021-02-18 03:59:14,59.7035,30.7861,-11.99,76,20,4.47
75,Visby,overcast clouds,2021-02-18 04:08:21,57.6409,18.296,23.0,74,90,9.22
76,Nagar Karnul,broken clouds,2021-02-18 04:08:22,16.4821,78.3247,73.8,36,68,3.04
77,Labytnangi,overcast clouds,2021-02-18 04:08:22,66.6572,66.4183,-21.39,81,100,5.5
78,Canavieiras,overcast clouds,2021-02-18 04:08:22,-15.675,-38.9472,77.25,90,100,9.6
79,Viesca,few clouds,2021-02-18 04:08:22,25.35,-102.8,68.0,24,20,6.91
80,Inhambane,moderate rain,2021-02-18 04:08:22,-23.865,35.3833,79.21,87,100,19.17
81,Castro,clear sky,2021-02-18 03:58:04,-24.7911,-50.0119,58.12,84,3,2.42
82,Ribeira Grande,overcast clouds,2021-02-18 03:59:16,38.5167,-28.7,59.09,77,99,23.64
83,Avarua,overcast clouds,2021-02-18 03:59:09,-21.2078,-159.775,80.6,83,90,8.05
84,Langenburg,broken clouds,2021-02-18 04:08:22,49.2544,9.8458,35.6,100,75,3.44
85,Coihaique,light rain,2021-02-18 04:08:22,-45.5752,-72.0662,51.8,87,90,6.91
86,Garowe,broken clouds,2021-02-18 04:08:22,8.4054,48.4845,64.81,84,59,10.0
87,Bethel,clear sky,2021-02-18 03:59:07,41.3712,-73.414,23.0,58,1,3.98
88,Tuktoyaktuk,scattered clouds,2021-02-18 03:59:23,69.4541,-133.0374,-34.6,67,40,4.61
89,Bentiu,overcast clouds,2021-02-18 04:08:23,9.2333,29.8333,68.23,23,87,7.65
90,Kidal,clear sky,2021-02-18 04:08:23,18.4411,1.4078,59.92,28,0,15.9
91,Haines Junction,light snow,2021-02-18 04:08:23,60.7522,-137.5108,32.0,64,26,8.05
92,Buala,moderate rain,2021-02-18 03:59:41,-8.145,159.5921,84.63,73,100,2.68
93,Derzhavinsk,snow,2021-02-18 03:59:43,51.1,66.3167,14.4,96,100,20.92
94,Torbay,overcast clouds,2021-02-18 03:59:19,47.6666,-52.7314,28.0,74,90,20.71
95,Tairua,clear sky,2021-02-18 04:08:23,-37.0167,175.85,70.0,57,7,8.01
96,Brae,broken clouds,2021-02-18 04:08:23,60.3964,-1.353,44.6,93,75,23.02
97,Igarka,overcast clouds,2021-02-18 04:08:23,67.4667,86.5833,-21.37,85,100,4.07
98,Napasar,clear sky,2021-02-18 04:08:24,27.9667,73.55,73.47,21,0,11.7
99,Dancheng,broken clouds,2021-02-18 04:07:08,33.6333,115.1833,54.32,41,65,7.72
100,Cidreira,broken clouds,2021-02-18 03:59:15,-30.1811,-50.2056,69.17,68,55,9.37
101,Kristiansund,overcast clouds,2021-02-18 04:08:24,63.1115,7.732,37.4,48,100,5.75
102,Westport,broken clouds,2021-02-18 04:08:24,41.1415,-73.3579,27.0,52,75,6.31
103,Rio Grande,overcast clouds,2021-02-18 04:05:27,-32.035,-52.0986,66.99,94,89,10.51
104,Jefferson City,overcast clouds,2021-02-18 04:07:24,38.5767,-92.1735,18.0,67,90,5.19
105,Hithadhoo,clear sky,2021-02-18 03:59:11,-0.6,73.0833,82.49,68,2,6.76
106,Kysucke Nove Mesto,mist,2021-02-18 04:08:24,49.3,18.7833,33.01,100,90,1.14
107,Zambezi,overcast clouds,2021-02-18 04:08:24,-13.5432,23.1047,62.67,98,100,2.42
108,Qingdao,clear sky,2021-02-18 04:08:24,36.0986,120.3719,39.0,30,0,8.95
109,Rocafuerte,light rain,2021-02-18 04:08:25,-0.9167,-80.4333,78.8,83,75,4.61
110,Auki,moderate rain,2021-02-18 04:08:25,-8.7676,160.7034,83.97,75,100,2.26
111,Dikson,overcast clouds,2021-02-18 03:59:16,73.5069,80.5464,-27.13,84,100,11.3
112,Pisco,clear sky,2021-02-18 03:59:04,-13.7,-76.2167,69.8,78,0,5.75
113,Arraial Do Cabo,overcast clouds,2021-02-18 03:59:09,-22.9661,-42.0278,77.4,88,100,7.7
114,Karratha,clear sky,2021-02-18 04:08:25,-20.7377,116.8463,89.78,53,6,9.28
115,Port Elizabeth,clear sky,2021-02-18 03:59:10,-33.918,25.5701,68.0,83,0,20.71
116,Saldanha,clear sky,2021-02-18 03:59:30,-33.0117,17.9442,59.0,77,1,1.14
117,Tiksi,overcast clouds,2021-02-18 03:59:19,71.6872,128.8694,-21.75,87,100,4.54
118,Asau,overcast clouds,2021-02-18 03:59:50,46.4333,26.4,30.99,72,99,2.62
119,Barra Do Garcas,clear sky,2021-02-18 04:08:25,-15.89,-52.2567,71.65,91,3,3.38
120,Constitucion,clear sky,2021-02-18 03:59:25,-35.3333,-72.4167,52.65,83,0,5.3
121,Namatanai,light rain,2021-02-18 03:59:09,-3.6667,152.4333,85.14,70,100,4.92
122,Puerto Ayora,broken clouds,2021-02-18 03:59:04,-0.7393,-90.3518,75.99,94,82,1.99
123,Son La,overcast clouds,2021-02-18 04:04:33,21.3167,103.9,63.41,71,100,4.52
124,Provideniya,clear sky,2021-02-18 03:59:13,64.3833,-173.3,1.4,60,0,6.71
125,Morondava,few clouds,2021-02-18 04:08:26,-20.2833,44.2833,80.58,84,20,10.13
126,Faanui,light rain,2021-02-18 03:59:24,-16.4833,-151.75,81.28,73,17,12.48
127,Hermanus,few clouds,2021-02-18 03:59:07,-34.4187,19.2345,55.99,90,18,8.75
128,Shimoda,few clouds,2021-02-18 03:59:33,34.6667,138.95,44.6,42,20,10.36
129,Vila Velha,moderate rain,2021-02-18 03:59:37,-20.3297,-40.2925,84.0,69,0,10.36
130,Saskylakh,clear sky,2021-02-18 03:59:09,71.9167,114.0833,-32.69,80,2,5.7
131,Codrington,clear sky,2021-02-18 03:59:07,-38.2667,141.9667,92.75,25,0,7.87
132,Enumclaw,overcast clouds,2021-02-18 04:08:27,47.2043,-121.9915,39.0,88,100,3.96
133,Maloy,overcast clouds,2021-02-18 04:08:27,61.9353,5.1136,41.0,56,90,20.71
134,Manaus,scattered clouds,2021-02-18 04:03:52,-3.1019,-60.025,77.0,94,40,2.3
135,Bowen,light rain,2021-02-18 03:59:33,-20.0167,148.2333,82.4,69,40,16.11
136,Upernavik,scattered clouds,2021-02-18 03:59:20,72.7868,-56.1549,-12.06,88,29,1.3
137,Chegem,broken clouds,2021-02-18 04:08:27,43.2833,43.1333,1.4,85,75,2.24
138,Ponta Do Sol,scattered clouds,2021-02-18 03:59:26,32.6667,-17.1,57.99,64,41,1.01
139,Hasaki,few clouds,2021-02-18 03:59:08,35.7333,140.8333,48.0,18,20,11.5
140,Lorengau,overcast clouds,2021-02-18 03:59:30,-2.0226,147.2712,84.69,76,100,11.18
141,Khatanga,overcast clouds,2021-02-18 03:59:11,71.9667,102.5,-20.58,88,100,8.81
142,Husavik,few clouds,2021-02-18 03:59:35,66.0449,-17.3389,30.2,93,20,8.03
143,Buy,scattered clouds,2021-02-18 04:08:28,58.4786,41.53,-12.03,90,40,4.68
144,Arecibo,scattered clouds,2021-02-18 04:08:28,18.4724,-66.7157,73.0,91,46,3.0
145,Bolobo,overcast clouds,2021-02-18 04:07:07,-2.1667,16.2333,74.17,84,100,6.15
146,Palmer,overcast clouds,2021-02-18 04:08:28,42.1584,-72.3287,21.0,67,90,4.61
147,La Ronge,scattered clouds,2021-02-18 03:59:57,55.1001,-105.2842,-4.0,77,45,4.61
148,Saint-Philippe,clear sky,2021-02-18 04:01:06,-21.3585,55.7679,84.2,65,0,3.44
149,Thompson,clear sky,2021-02-18 03:59:28,55.7435,-97.8558,-4.0,84,1,4.14
150,Hegang,scattered clouds,2021-02-18 04:08:28,47.4,130.3667,17.65,88,44,5.64
151,Isangel,broken clouds,2021-02-18 03:59:22,-19.55,169.2667,89.6,66,75,7.16
152,Kaitangata,clear sky,2021-02-18 03:59:22,-46.2817,169.8464,64.0,70,9,10.0
153,Valley,overcast clouds,2021-02-18 04:08:28,45.1277,-116.1262,21.2,79,90,3.44
154,General Cepeda,clear sky,2021-02-18 04:08:28,25.3833,-101.45,42.8,56,1,13.8
155,Salinopolis,overcast clouds,2021-02-18 04:08:29,-0.6136,-47.3561,77.32,88,100,10.98
156,Tema,few clouds,2021-02-18 04:08:29,5.667,-0.0166,80.6,94,20,9.22
157,Muroto,scattered clouds,2021-02-18 04:08:29,33.2833,134.15,41.0,38,40,11.5
158,Natal,few clouds,2021-02-18 03:58:45,-5.795,-35.2094,78.8,78,20,5.75
159,Halifax,broken clouds,2021-02-18 04:08:29,44.6453,-63.5724,21.99,74,55,4.0
160,Saint-Francois,clear sky,2021-02-18 04:08:29,46.4154,3.9054,35.6,87,0,3.44
161,Nagato,light snow,2021-02-18 04:08:29,34.3833,131.2,37.99,69,75,16.11
162,Cherskiy,clear sky,2021-02-18 03:59:22,68.75,161.3,-23.58,85,0,1.45
163,Maracaju,clear sky,2021-02-18 04:08:29,-21.6144,-55.1683,66.99,86,0,3.15
164,Pochutla,scattered clouds,2021-02-18 03:59:20,15.7432,-96.4661,73.0,83,27,3.71
165,Sao Filipe,overcast clouds,2021-02-18 03:59:27,14.8961,-24.4956,71.24,64,100,11.03
166,Beloha,overcast clouds,2021-02-18 03:59:39,-25.1667,45.05,77.13,78,100,5.77
167,Barrow,overcast clouds,2021-02-18 03:59:09,71.2906,-156.7887,-18.4,69,90,11.5
168,Priiskovyy,scattered clouds,2021-02-18 04:08:30,51.9333,116.6333,18.79,93,28,7.09
169,Port Hedland,few clouds,2021-02-18 03:59:20,-20.3167,118.5667,93.2,59,16,16.11
170,Port Lincoln,clear sky,2021-02-18 03:59:28,-34.7333,135.8667,84.54,36,0,21.56
171,Berezovyy,broken clouds,2021-02-18 04:08:30,51.6667,135.7,16.84,87,53,2.51
172,Warrington,broken clouds,2021-02-18 04:08:30,53.3925,-2.5802,51.8,76,75,17.27
173,Kapaa,light rain,2021-02-18 03:59:16,22.0752,-159.319,75.2,73,1,18.41
174,Sayyan,clear sky,2021-02-18 03:59:40,15.1718,44.3244,54.81,52,0,2.3
175,Nyurba,overcast clouds,2021-02-18 03:59:45,63.2842,118.3319,-16.26,87,100,4.52
176,East London,clear sky,2021-02-18 03:59:20,-33.0153,27.9116,62.6,94,0,8.05
177,Gisborne,scattered clouds,2021-02-18 04:08:30,-38.6533,178.0042,64.99,59,32,4.0
178,Port Blair,mist,2021-02-18 04:08:30,11.6667,92.75,84.2,79,40,11.5
179,Dingle,scattered clouds,2021-02-18 03:59:47,10.9995,122.6711,80.6,68,42,18.84
180,Ust-Kuyga,overcast clouds,2021-02-18 04:08:31,70.0167,135.6,-21.32,83,100,1.74
181,Dalbandin,clear sky,2021-02-18 04:08:31,28.8947,64.4101,64.62,19,0,3.15
182,Yumen,clear sky,2021-02-18 03:59:52,40.2833,97.2,44.71,44,0,15.23
183,Suntar,overcast clouds,2021-02-18 04:08:31,62.1444,117.6319,-8.66,88,97,2.98
184,Kutum,clear sky,2021-02-18 04:08:31,14.2,24.6667,43.83,51,0,13.96
185,Atar,overcast clouds,2021-02-18 03:59:37,20.5169,-13.0499,61.0,29,99,3.76
186,Margate,overcast clouds,2021-02-18 03:59:29,51.3813,1.3862,48.99,74,93,8.01
187,Cap Malheureux,overcast clouds,2021-02-18 04:08:31,-19.9842,57.6142,86.0,74,100,1.99
188,Hamilton,light snow,2021-02-18 03:58:45,39.1834,-84.5333,21.99,73,90,5.75
189,Kruisfontein,clear sky,2021-02-18 03:59:37,-34.0033,24.7314,57.99,89,0,1.01
190,Vestmannaeyjar,scattered clouds,2021-02-18 03:59:20,63.4427,-20.2734,39.2,87,40,14.97
191,Genhe,overcast clouds,2021-02-18 04:08:32,50.7833,121.5167,4.03,90,100,6.58
192,Okakarara,scattered clouds,2021-02-18 04:08:32,-20.5833,17.4333,64.26,50,40,3.2
193,San Miguel,scattered clouds,2021-02-18 04:08:32,13.4833,-88.1833,73.56,81,39,2.44
194,Farmington,clear sky,2021-02-18 04:03:39,36.7281,-108.2187,26.6,74,1,4.61
195,Morayfield,broken clouds,2021-02-18 04:08:32,-27.1167,152.95,77.0,85,54,5.99
196,Salalah,few clouds,2021-02-18 03:59:25,17.0151,54.0924,71.6,73,20,5.75
197,Kavieng,light rain,2021-02-18 03:59:45,-2.5744,150.7967,84.88,69,72,7.16
198,Sioux Lookout,clear sky,2021-02-18 03:59:42,50.1001,-91.917,-7.6,77,1,2.3
199,Grobina,clear sky,2021-02-18 04:08:32,56.5352,21.1678,1.4,92,4,3.44
200,Anadyr,scattered clouds,2021-02-18 03:56:42,64.75,177.4833,-23.8,76,40,11.18
201,Fortuna,clear sky,2021-02-18 03:59:03,40.5982,-124.1573,46.0,87,1,2.64
202,Melfi,clear sky,2021-02-18 04:08:33,40.9965,15.6514,34.0,92,5,1.01
203,Campbell River,broken clouds,2021-02-18 04:08:20,50.0163,-125.2446,33.01,100,75,2.3
204,Ostrovnoy,overcast clouds,2021-02-18 03:59:24,68.0531,39.5131,10.33,90,100,15.26
205,San Patricio,overcast clouds,2021-02-18 03:59:34,28.017,-97.5169,37.4,87,90,19.57
206,Rochegda,broken clouds,2021-02-18 04:08:33,62.8,43.25,-18.78,87,82,3.85
207,Chocope,clear sky,2021-02-18 04:08:33,-7.7914,-79.2217,73.29,72,0,6.53
208,Narsaq,few clouds,2021-02-18 03:59:27,60.9167,-46.05,14.0,48,20,1.14
209,San Quintin,clear sky,2021-02-18 03:59:52,30.4833,-115.95,56.32,74,0,10.29
210,Formosa,clear sky,2021-02-18 04:08:33,-26.1775,-58.1781,71.6,88,0,3.44
211,Bagdarin,few clouds,2021-02-18 04:08:33,54.4333,113.6,21.45,83,17,6.93
212,Georgetown,few clouds,2021-02-18 03:59:17,5.4112,100.3354,87.8,37,20,16.11
213,Trenggalek,overcast clouds,2021-02-18 04:08:34,-8.05,111.7167,88.18,55,87,4.68
214,Severo-Kurilsk,light snow,2021-02-18 03:59:07,50.6789,156.125,30.78,93,99,14.54
215,Bengkulu,light rain,2021-02-18 03:59:22,-3.8004,102.2655,86.07,59,57,4.45
216,Kuloy,scattered clouds,2021-02-18 04:08:34,61.0305,42.4925,-19.48,88,50,2.21
217,Yakeshi,overcast clouds,2021-02-18 04:08:34,49.2833,120.7333,9.14,94,100,16.02
218,Arkhara,few clouds,2021-02-18 04:08:34,49.4212,130.0842,3.47,90,24,3.04
219,Henties Bay,clear sky,2021-02-18 03:59:42,-22.116,14.2845,62.01,91,0,6.55
220,Baykit,overcast clouds,2021-02-18 04:08:34,61.67,96.37,-6.07,85,100,4.74
221,Pevek,clear sky,2021-02-18 03:59:21,69.7008,170.3133,-26.52,85,0,1.23
222,Naze,light rain,2021-02-18 03:59:07,28.3667,129.4833,51.8,62,75,21.85
223,Alofi,broken clouds,2021-02-18 03:59:41,-19.0595,-169.9187,86.0,66,78,9.22
224,Lebu,clear sky,2021-02-18 03:59:42,-37.6167,-73.65,54.7,87,0,3.56
225,Saint-Joseph,clear sky,2021-02-18 04:08:35,-21.3667,55.6167,84.2,65,0,3.44
226,Praia Da Vitoria,scattered clouds,2021-02-18 03:59:47,38.7333,-27.0667,57.0,93,40,17.92
227,Sitka,broken clouds,2021-02-18 03:59:17,57.0531,-135.33,41.0,60,75,14.97
228,Leshukonskoye,overcast clouds,2021-02-18 04:08:35,64.8989,45.7622,-12.03,86,100,8.1
229,Grand-Lahou,light rain,2021-02-18 04:08:35,5.1367,-5.0242,77.63,88,84,7.31
230,Tiarei,light rain,2021-02-18 04:08:35,-17.5333,-149.3333,86.0,58,20,9.22
231,Daugai,clear sky,2021-02-18 04:08:35,54.3667,24.3333,3.2,78,0,5.1
232,Fort-Shevchenko,overcast clouds,2021-02-18 04:08:35,44.5086,50.263,21.4,95,100,21.77
233,Trincomalee,broken clouds,2021-02-18 04:08:36,8.5711,81.2335,80.38,72,56,8.75
234,Ekhabi,light snow,2021-02-18 04:08:36,53.5102,142.9671,5.79,94,100,16.96
235,Yenagoa,few clouds,2021-02-18 04:08:36,4.9247,6.2642,76.15,93,11,4.03
236,Luderitz,clear sky,2021-02-18 03:59:53,-26.6481,15.1594,63.5,76,0,15.77
237,Tessalit,broken clouds,2021-02-18 03:59:13,20.1986,1.0114,60.8,26,70,16.8
238,Svetlaya,overcast clouds,2021-02-18 04:08:36,46.5389,138.3297,25.84,88,100,2.84
239,Aripuana,moderate rain,2021-02-18 04:08:36,-9.1667,-60.6333,70.83,99,100,1.54
240,Hervey Bay,few clouds,2021-02-18 04:05:30,-25.2986,152.8535,82.99,64,12,5.99
241,Podgornoye,clear sky,2021-02-18 04:08:36,51.735,39.1496,5.0,85,0,2.24
242,Billings,light snow,2021-02-18 04:08:36,45.7833,-108.5007,18.0,86,90,3.44
243,Mandera,overcast clouds,2021-02-18 04:08:37,3.9366,41.867,72.97,78,93,4.43
244,Marathon,overcast clouds,2021-02-18 04:08:37,44.9,-89.7668,14.0,57,90,4.03
245,Behbahan,overcast clouds,2021-02-18 04:08:37,30.5959,50.2417,55.4,88,90,4.61
246,Shenjiamen,clear sky,2021-02-18 03:59:23,29.9576,122.298,41.52,62,0,19.51
247,Lata,overcast clouds,2021-02-18 03:59:29,40.1629,-8.3327,57.99,85,100,3.0
248,Kendari,broken clouds,2021-02-18 04:08:37,-3.945,122.4989,88.34,61,62,3.4
249,Eureka,overcast clouds,2021-02-18 03:59:15,40.8021,-124.1637,48.0,83,93,1.01
250,Evensk,clear sky,2021-02-18 03:59:17,61.95,159.2333,5.07,82,7,15.66
251,Yulara,scattered clouds,2021-02-18 04:08:37,-25.2406,130.9889,100.4,20,40,6.91
252,Mehamn,broken clouds,2021-02-18 04:08:37,71.0357,27.8492,24.8,63,75,8.05
253,Yenisehir,mist,2021-02-18 04:08:38,40.2644,29.6531,24.8,100,75,3.18
254,Ankang,overcast clouds,2021-02-18 04:08:38,32.68,109.0172,62.78,29,98,1.3
255,Chengde,clear sky,2021-02-18 04:08:38,40.9725,117.9361,30.33,65,0,3.22
256,Nosy Varika,overcast clouds,2021-02-18 04:08:38,-20.5833,48.5333,79.09,87,97,2.1
257,Harper,light rain,2021-02-18 04:08:38,4.375,-7.7169,75.43,89,100,4.32
258,Kieta,light rain,2021-02-18 03:59:45,-6.2167,155.6333,85.69,66,82,6.51
259,Dunedin,clear sky,2021-02-18 04:08:38,-45.8742,170.5036,62.06,60,3,4.14
260,Terme,scattered clouds,2021-02-18 04:08:38,41.2092,36.9739,21.2,79,40,5.75
261,Gat,broken clouds,2021-02-18 04:08:38,31.61,34.7642,42.01,100,65,16.02
262,Xining,clear sky,2021-02-18 04:05:05,36.6167,101.7667,34.7,66,0,2.37
263,Ola,overcast clouds,2021-02-18 04:08:39,59.5833,151.2833,13.46,89,92,13.02
264,Tivoli,clear sky,2021-02-18 04:08:39,41.9609,12.7989,44.01,76,0,2.95
265,Eyl,overcast clouds,2021-02-18 04:08:39,7.9803,49.8164,73.36,73,100,13.4
266,Caravelas,light rain,2021-02-18 03:59:32,-17.7125,-39.2481,79.23,81,100,8.72
267,Svetlogorsk,broken clouds,2021-02-18 04:08:39,52.6333,29.7333,-2.88,92,82,8.77
268,Muromtsevo,overcast clouds,2021-02-18 04:08:40,56.3724,75.2418,-13.59,88,99,1.79
269,Monroe,overcast clouds,2021-02-18 04:06:27,43.1501,-77.6831,19.99,67,90,3.44
270,Vitoria Da Conquista,overcast clouds,2021-02-18 04:08:40,-14.8661,-40.8394,66.97,96,100,3.87
271,The Pas,clear sky,2021-02-18 04:04:00,53.8251,-101.2541,-13.0,77,1,2.3
272,Vestmanna,overcast clouds,2021-02-18 03:59:14,62.1564,-7.1664,42.8,100,90,9.22
273,Mulki,broken clouds,2021-02-18 04:08:40,13.1,74.8,78.8,69,75,4.61
274,Paamiut,clear sky,2021-02-18 03:59:55,61.994,-49.6678,11.7,85,0,22.19
275,Sur,clear sky,2021-02-18 03:59:26,22.5667,59.5289,76.64,26,0,6.24
276,Mayo,clear sky,2021-02-18 03:59:54,38.8876,-76.5119,32.0,51,1,3.44
277,Cabo San Lucas,clear sky,2021-02-18 03:54:29,22.8909,-109.9124,64.0,82,1,10.36
278,Kabalo,overcast clouds,2021-02-18 04:08:41,-6.05,26.9167,70.83,96,100,2.44
279,Rawson,few clouds,2021-02-18 03:59:54,-43.3002,-65.1023,65.05,52,22,5.32
280,Geraldton,broken clouds,2021-02-18 03:59:40,-28.7667,114.6,75.2,50,75,21.85
281,Mayumba,light rain,2021-02-18 04:08:41,-3.432,10.6554,75.74,87,100,2.8
282,Sao Joao Da Ponte,overcast clouds,2021-02-18 04:08:41,-15.9292,-44.0078,68.34,97,100,8.01
283,Izvoarele Sucevei,overcast clouds,2021-02-18 04:08:41,47.75,25.1833,32.0,81,100,3.0
284,Eskisehir,clear sky,2021-02-18 04:06:30,39.7767,30.5206,15.8,86,0,3.44
285,Ouesso,broken clouds,2021-02-18 04:08:41,1.6136,16.0517,71.01,73,74,2.57
286,Tamworth,overcast clouds,2021-02-18 04:08:41,52.634,-1.6959,48.0,82,100,11.99
287,Hobyo,overcast clouds,2021-02-18 04:06:09,5.3505,48.5268,77.99,73,100,13.69
288,Brandon,overcast clouds,2021-02-18 04:08:42,27.9378,-82.2859,68.0,83,90,4.61
289,Birjand,clear sky,2021-02-18 04:08:42,32.8663,59.2211,50.0,14,0,16.11
290,Balabac,overcast clouds,2021-02-18 03:59:48,7.9868,117.0645,82.8,67,96,7.29
291,Pampa,overcast clouds,2021-02-18 04:08:42,35.5362,-100.9599,19.4,79,90,3.44
292,Ormara,clear sky,2021-02-18 04:08:42,25.2088,64.6357,72.88,46,0,3.58
293,Adrar,overcast clouds,2021-02-18 03:59:09,20.5022,-10.0711,65.34,26,100,6.4
294,Salinas,clear sky,2021-02-18 04:08:42,36.6777,-121.6555,55.4,50,1,6.91
295,Le Port,clear sky,2021-02-18 04:05:46,-20.9373,55.2919,80.6,74,0,3.44
296,Loandjili,few clouds,2021-02-18 04:08:42,-4.7561,11.8578,78.8,94,20,4.61
297,Gazli,overcast clouds,2021-02-18 04:08:42,40.1333,63.45,64.04,26,100,24.34
298,Flinders,light rain,2021-02-18 03:59:30,-34.5833,150.8552,73.99,78,84,1.01
299,Amli,few clouds,2021-02-18 04:08:43,20.2833,73.0167,81.68,19,17,5.77
300,Te Anau,clear sky,2021-02-18 04:08:43,-45.4167,167.7167,73.15,42,6,3.49
301,Lamu,mist,2021-02-18 03:59:39,-2.2717,40.902,75.2,88,20,5.28
302,Bubaque,broken clouds,2021-02-18 03:59:09,11.2833,-15.8333,77.79,63,69,6.71
303,Banda Aceh,few clouds,2021-02-18 04:08:43,5.5577,95.3222,84.88,59,11,12.66
304,Naliya,clear sky,2021-02-18 04:08:43,23.2667,68.8333,76.71,31,0,10.85
305,Lieksa,clear sky,2021-02-18 04:08:43,63.3167,30.0167,-6.27,87,9,7.31
306,Bafq,overcast clouds,2021-02-18 04:08:43,31.6128,55.4107,65.91,26,100,18.03
307,Kenai,clear sky,2021-02-18 04:08:43,60.5544,-151.2583,28.99,86,1,8.05
308,Samarai,overcast clouds,2021-02-18 04:08:44,-10.6167,150.6667,84.16,70,93,4.52
309,Luanda,broken clouds,2021-02-18 04:08:44,-8.8368,13.2343,78.8,83,75,5.75
310,Yarim,clear sky,2021-02-18 04:08:44,14.298,44.3779,52.5,48,0,2.91
311,Quatre Cocos,broken clouds,2021-02-18 04:08:44,-20.2078,57.7625,86.0,83,75,3.44
312,Bilibino,clear sky,2021-02-18 03:59:44,68.0546,166.4372,-14.04,79,0,2.21
313,Cockburn Town,scattered clouds,2021-02-18 03:59:19,21.4612,-71.1419,77.85,75,28,24.0
314,Warmbad,clear sky,2021-02-18 04:08:44,-28.45,18.7333,64.0,40,0,7.05
315,Katsuura,scattered clouds,2021-02-18 03:59:15,35.1333,140.3,46.4,26,40,14.97
316,Avera,overcast clouds,2021-02-18 03:54:57,33.194,-82.5271,46.4,87,90,10.36
317,Santa Rosa,scattered clouds,2021-02-18 04:08:45,14.3122,121.1114,87.01,58,40,5.75
318,Camopi,overcast clouds,2021-02-18 04:08:45,3.1655,-52.3158,69.06,98,88,2.15
319,Makat,overcast clouds,2021-02-18 04:08:45,47.6469,53.3463,10.53,94,100,21.03
320,Varangaon,clear sky,2021-02-18 04:08:45,21.0167,75.9,75.34,50,2,10.13
321,Umm Lajj,scattered clouds,2021-02-18 04:08:45,25.0213,37.2685,61.12,60,49,18.07
322,Severnyy,clear sky,2021-02-18 03:59:08,50.677,36.5532,10.4,79,0,1.99
323,Diebougou,scattered clouds,2021-02-18 04:08:45,10.9667,-3.25,75.96,18,36,7.65
324,Udachnyy,overcast clouds,2021-02-18 04:08:45,66.4167,112.4,-22.76,82,99,4.72
325,Wanning,broken clouds,2021-02-18 04:08:45,18.8003,110.3967,71.31,75,64,14.88
326,Mount Pleasant,overcast clouds,2021-02-18 04:07:06,32.7941,-79.8626,50.0,93,90,6.91
327,Alyangula,light rain,2021-02-18 04:08:45,-13.8483,136.4192,84.2,84,90,10.36
328,Safford,few clouds,2021-02-18 04:07:54,32.834,-109.7076,46.4,36,20,11.5
329,Turukhansk,overcast clouds,2021-02-18 04:08:46,65.8167,87.9833,-24.9,86,87,2.1
330,Katesh,overcast clouds,2021-02-18 04:08:46,-4.5167,35.3833,55.56,91,100,4.25
331,Okhotsk,scattered clouds,2021-02-18 04:08:46,59.3833,143.3,0.66,86,45,12.97
332,Suruc,light snow,2021-02-18 04:08:46,36.9761,38.425,32.0,100,75,9.22
333,Mahebourg,broken clouds,2021-02-18 03:59:11,-20.4081,57.7,77.0,83,75,3.44
334,Kukes,scattered clouds,2021-02-18 04:08:46,42.0769,20.4219,34.48,85,45,3.47
335,Sao Joao Da Barra,overcast clouds,2021-02-18 03:56:16,-21.6403,-41.0511,77.36,92,98,4.97
336,Ulaanbaatar,scattered clouds,2021-02-18 04:08:13,47.9077,106.8832,12.2,67,40,2.24
337,Padang,few clouds,2021-02-18 03:59:42,-0.9492,100.3543,82.4,69,20,6.91
338,Gaya,mist,2021-02-18 04:08:46,24.7833,85.0,64.4,88,40,5.75
339,Kalevala,clear sky,2021-02-18 04:08:47,65.2,31.1667,-5.4,88,0,7.49
340,Pokhara,clear sky,2021-02-18 04:08:47,28.2333,83.9833,69.13,25,0,4.61
341,Panaba,broken clouds,2021-02-18 04:08:47,21.2833,-88.2667,73.11,92,74,9.95
342,Nemuro,light snow,2021-02-18 04:08:47,43.3236,145.575,28.4,80,75,5.75
343,Sikonge,light rain,2021-02-18 04:08:47,-5.6333,32.7667,68.0,94,40,3.94
344,Baruun-Urt,clear sky,2021-02-18 03:59:30,46.6806,113.2792,14.67,92,0,12.41
345,Florestopolis,clear sky,2021-02-18 04:08:47,-22.8633,-51.3872,73.4,60,0,1.14
346,Muros,moderate rain,2021-02-18 03:59:34,42.7762,-9.0603,52.0,92,100,15.01
347,Zhigansk,broken clouds,2021-02-18 03:59:32,66.7697,123.3711,-23.58,83,52,10.58
348,Namie,overcast clouds,2021-02-18 04:05:05,37.4833,141.0,39.99,78,98,8.01
349,Mayor Pablo Lagerenza,clear sky,2021-02-18 04:08:47,-19.9309,-60.7718,72.82,57,4,2.57
350,Chapais,light snow,2021-02-18 03:59:41,49.7834,-74.8492,-2.2,84,90,3.44
351,Glenwood Springs,few clouds,2021-02-18 04:04:36,39.5505,-107.3248,26.6,54,20,16.11
352,Tayshet,light snow,2021-02-18 04:08:48,55.9342,98.0044,11.57,95,100,7.34
353,Farafangana,broken clouds,2021-02-18 04:08:48,-22.8167,47.8333,78.39,88,76,3.85
354,Yarada,haze,2021-02-18 04:08:48,17.65,83.2667,78.8,73,20,2.3
355,La Tuque,overcast clouds,2021-02-18 04:08:48,47.4334,-72.7824,-5.8,84,86,1.14
356,Yeppoon,light rain,2021-02-18 04:08:48,-23.1333,150.7333,89.6,43,40,9.22
357,Julita,overcast clouds,2021-02-18 04:08:48,10.9747,124.9617,81.86,67,100,11.07
358,Kahului,light rain,2021-02-18 03:59:16,20.8947,-156.47,71.6,83,75,13.8
359,Cayenne,few clouds,2021-02-18 03:59:34,4.9333,-52.3333,71.6,100,20,9.22
360,Vostok,overcast clouds,2021-02-18 04:08:48,46.4856,135.8833,9.97,95,100,7.16
361,Metaxades,light snow,2021-02-18 04:08:49,41.4204,26.225,29.75,96,100,1.95
362,Taltal,clear sky,2021-02-18 04:08:49,-25.4,-70.4833,64.67,76,1,3.98
363,Anloga,few clouds,2021-02-18 03:59:21,5.7947,0.8973,82.4,89,20,6.91
364,Hope,overcast clouds,2021-02-18 04:08:49,33.6671,-93.5916,24.01,73,100,5.01
365,Kushima,scattered clouds,2021-02-18 04:08:49,31.4583,131.2333,46.4,39,40,27.63
366,Kavos,broken clouds,2021-02-18 04:08:49,38.8268,22.8322,39.99,76,56,1.01
367,San Jeronimo,overcast clouds,2021-02-18 04:08:49,-11.9472,-75.2829,47.17,71,100,0.74
368,Kysyl-Syr,overcast clouds,2021-02-18 04:08:49,63.8986,122.7617,-18.17,86,100,7.96
369,Tucupita,clear sky,2021-02-18 03:59:49,9.0622,-62.051,67.66,96,7,2.91
370,Ronda,clear sky,2021-02-18 04:08:49,36.7423,-5.1671,50.0,64,8,1.01
371,Hami,clear sky,2021-02-18 04:08:50,42.8,93.45,46.29,47,0,4.18
372,San Ignacio,broken clouds,2021-02-18 04:08:50,17.1561,-89.0714,75.2,88,82,4.61
373,Lukovetskiy,light snow,2021-02-18 04:08:50,64.2956,41.9211,-5.8,77,90,6.71
374,Russell,overcast clouds,2021-02-18 03:59:43,32.3502,-85.1999,53.6,58,90,8.05
375,Tilichiki,broken clouds,2021-02-18 04:08:50,60.4667,166.1,-3.53,93,55,8.99
376,Bonavista,overcast clouds,2021-02-18 04:08:50,48.6499,-53.1147,27.0,93,100,8.05
377,Kenora,clear sky,2021-02-18 04:04:07,49.8167,-94.4337,-0.4,46,1,2.3
378,Conde,few clouds,2021-02-18 04:08:50,-7.2597,-34.9075,77.0,88,20,3.44
379,Moussoro,clear sky,2021-02-18 04:08:50,13.6408,16.4901,54.73,34,0,20.36
380,Sisimiut,clear sky,2021-02-18 04:08:51,66.9395,-53.6735,0.18,82,0,8.21
381,Beira,moderate rain,2021-02-18 04:08:51,-19.8436,34.8389,73.4,94,90,14.97
382,Berlevag,broken clouds,2021-02-18 04:08:51,70.8578,29.0864,24.8,63,75,8.05
383,Hunfeld,overcast clouds,2021-02-18 04:08:51,50.6797,9.7673,37.99,97,100,4.32
384,Pizhanka,overcast clouds,2021-02-18 04:08:51,57.4604,48.542,-9.74,89,97,6.46
385,Urusha,overcast clouds,2021-02-18 04:08:51,54.05,122.9,4.33,87,97,5.44
386,Ust-Tsilma,overcast clouds,2021-02-18 04:08:51,65.441,52.1498,-9.53,87,100,6.93
387,Kolondieba,overcast clouds,2021-02-18 04:08:51,11.0882,-6.8926,76.21,70,100,5.95
388,Celestun,clear sky,2021-02-18 04:08:51,20.8667,-90.4,80.31,71,0,13.62
389,Kaliua,overcast clouds,2021-02-18 04:08:51,-5.0606,31.7936,65.59,94,100,1.36
390,Tamandare,broken clouds,2021-02-18 04:08:52,-8.7597,-35.1047,76.84,82,53,7.81
391,Nanchang,clear sky,2021-02-18 04:08:52,28.6833,115.8833,58.21,41,0,5.37
392,Maumere,broken clouds,2021-02-18 04:08:52,-8.6199,122.2111,84.31,70,70,5.57
393,Saint-Augustin,light snow,2021-02-18 03:59:41,51.226,-58.6502,12.63,95,100,6.98
394,Dawei,clear sky,2021-02-18 03:59:50,14.0833,98.2,90.5,40,1,8.5
395,Klaebu,clear sky,2021-02-18 04:08:52,63.2976,10.4826,30.2,59,0,8.05
396,Dromolaxia,few clouds,2021-02-18 04:08:52,34.8761,33.586,39.2,70,20,3.44
397,Madimba,few clouds,2021-02-18 04:08:52,-10.4,40.3333,75.2,100,20,9.22
398,Peachtree City,overcast clouds,2021-02-18 04:08:06,33.3968,-84.5958,48.2,71,90,4.61
399,Nobeoka,broken clouds,2021-02-18 04:04:49,32.5833,131.6667,30.0,75,84,13.0
400,Senador Pompeu,overcast clouds,2021-02-18 04:08:53,-5.5881,-39.3717,72.45,87,97,2.21
401,Zyryanka,overcast clouds,2021-02-18 04:08:53,65.75,150.85,-13.34,87,100,4.43
402,Rio Gallegos,broken clouds,2021-02-18 03:59:25,-51.6226,-69.2181,57.2,67,75,8.05
403,Bocas Del Toro,scattered clouds,2021-02-18 04:08:53,9.3333,-82.25,77.5,77,42,0.49
404,Aklavik,overcast clouds,2021-02-18 03:59:54,68.2191,-135.0107,-16.6,76,100,1.14
405,Srednekolymsk,few clouds,2021-02-18 03:59:13,67.45,153.6833,-23.08,85,24,0.83
406,Barkhan,clear sky,2021-02-18 04:08:53,29.8977,69.5256,62.28,22,0,3.33
407,Amapala,scattered clouds,2021-02-18 04:08:53,13.2922,-87.6539,78.91,73,38,1.88
408,Molina,clear sky,2021-02-18 04:08:53,-35.1167,-71.2833,59.0,72,0,4.61
409,Waddan,clear sky,2021-02-18 04:08:53,29.1614,16.139,45.57,54,0,5.3
410,Boa Vista,clear sky,2021-02-18 04:04:30,2.8197,-60.6733,80.6,61,0,12.66
411,Mpika,overcast clouds,2021-02-18 04:08:54,-11.8343,31.4529,63.23,95,100,5.1
412,Pailon,scattered clouds,2021-02-18 04:08:54,-17.65,-62.75,73.4,94,40,3.44
413,Nsoko,clear sky,2021-02-18 04:08:54,-27.0333,31.95,64.6,88,3,3.96
414,Port Macquarie,broken clouds,2021-02-18 03:59:20,-31.4333,152.9167,75.2,73,75,14.97
415,Pangnirtung,overcast clouds,2021-02-18 03:59:29,66.1451,-65.7125,-17.57,82,97,1.81
416,Tual,few clouds,2021-02-18 04:08:54,-5.6667,132.75,83.84,78,12,20.94
417,Klaksvik,overcast clouds,2021-02-18 03:59:47,62.2266,-6.589,42.8,100,90,9.22
418,Aleksandrov Gay,broken clouds,2021-02-18 04:08:54,50.147,48.5704,-6.48,87,79,11.36
419,Fomboni,overcast clouds,2021-02-18 04:08:54,-12.28,43.7425,82.51,78,100,10.67
420,Gourdon,overcast clouds,2021-02-18 04:08:54,44.75,1.5,51.01,21,86,10.29
421,Pacifica,scattered clouds,2021-02-18 04:08:55,37.6138,-122.4869,55.0,50,40,14.97
422,Kavaratti,overcast clouds,2021-02-18 03:59:50,10.5669,72.642,81.0,69,98,8.08
423,Jilove U Prahy,overcast clouds,2021-02-18 04:08:55,49.8955,14.4933,39.99,88,97,3.31
424,Ponta Delgada,broken clouds,2021-02-18 04:08:55,37.7333,-25.6667,54.0,87,75,10.76
425,Huntsville,heavy intensity rain,2021-02-18 04:04:12,34.7304,-86.5861,33.01,100,90,3.44
426,Bako,broken clouds,2021-02-18 04:08:55,5.7833,36.5667,67.42,51,67,3.15
427,Idrija,few clouds,2021-02-18 04:08:55,46.0028,14.0306,39.99,89,19,1.88
428,Jiayuguan,clear sky,2021-02-18 04:08:55,39.8167,98.3,42.26,50,0,1.77
429,Kalabo,overcast clouds,2021-02-18 04:08:55,-14.97,22.6814,65.68,92,100,3.47
430,Hukuntsi,broken clouds,2021-02-18 04:08:56,-24.0,21.75,70.41,66,59,11.01
431,Montrose,light snow,2021-02-18 04:08:56,38.4166,-108.2673,26.6,80,90,9.22
432,Belyy Yar,broken clouds,2021-02-18 03:59:26,53.6039,91.3903,21.2,79,75,13.42
433,San Cristobal,overcast clouds,2021-02-18 03:55:15,7.7669,-72.225,64.65,89,87,1.81
434,Ilulissat,overcast clouds,2021-02-18 03:59:27,69.2167,-51.1,5.0,66,90,5.75
435,Troitskoye,snow,2021-02-18 04:08:56,52.9821,84.6757,8.82,95,100,5.06
436,Stykkisholmur,light snow,2021-02-18 03:59:53,65.0757,-22.7297,34.81,94,100,7.52
437,Shizunai,scattered clouds,2021-02-18 04:08:56,42.3339,142.3669,33.31,86,50,21.34
438,Katangli,overcast clouds,2021-02-18 03:59:29,51.7102,143.2326,7.74,94,100,19.28
439,Pacatuba,scattered clouds,2021-02-18 04:08:36,-3.9842,-38.6203,81.0,83,40,3.44
440,Ketchikan,scattered clouds,2021-02-18 03:59:35,55.3422,-131.6461,39.2,80,40,4.61
441,Pastavy,scattered clouds,2021-02-18 04:08:57,55.1168,26.8326,-6.79,91,38,5.79
442,Tocopilla,clear sky,2021-02-18 04:08:57,-22.092,-70.1979,69.37,65,0,5.32
443,Meghraj,clear sky,2021-02-18 04:08:57,23.5,73.5,75.51,20,0,16.42
444,Uwajima,scattered clouds,2021-02-18 04:08:57,33.2238,132.56,37.4,44,40,13.8
445,Vanimo,scattered clouds,2021-02-18 04:08:57,-2.6741,141.3028,86.36,63,39,7.76
446,Anchorage,broken clouds,2021-02-18 04:06:33,61.2181,-149.9003,28.99,80,75,4.72
447,Tra Vinh,clear sky,2021-02-18 04:08:57,9.9347,106.3453,86.59,42,4,5.66
448,Mogadishu,broken clouds,2021-02-18 04:08:57,2.0371,45.3438,77.13,82,70,16.02
449,Broken Hill,clear sky,2021-02-18 04:08:57,-31.95,141.4333,87.8,20,0,19.57
450,Masvingo,overcast clouds,2021-02-18 03:59:49,-20.0637,30.8277,61.07,96,93,1.81
451,Bandarbeyla,broken clouds,2021-02-18 03:59:27,9.4942,50.8122,74.89,65,76,7.9
452,Takoradi,overcast clouds,2021-02-18 03:59:37,4.8845,-1.7554,79.18,86,100,8.68
453,Mao,overcast clouds,2021-02-18 04:08:58,39.8885,4.2658,53.6,87,90,5.75
454,Marzuq,clear sky,2021-02-18 04:08:58,14.4,46.4667,64.17,29,0,3.56
455,Fort Smith,overcast clouds,2021-02-18 04:08:58,35.3859,-94.3986,23.0,86,90,0.96
456,Nerchinskiy Zavod,overcast clouds,2021-02-18 04:08:58,51.3088,119.61,4.05,94,99,6.38
457,Safaga,clear sky,2021-02-18 04:08:58,26.7292,33.9365,48.2,49,0,6.91
458,Palana,broken clouds,2021-02-18 04:08:58,59.1167,159.9667,14.04,94,73,14.09
459,Pedernales,clear sky,2021-02-18 04:08:58,18.0384,-71.744,77.43,64,0,7.54
460,Nabire,scattered clouds,2021-02-18 04:08:59,-3.3667,135.4833,89.04,55,44,6.85
461,Shache,clear sky,2021-02-18 04:08:59,38.4167,77.2406,45.45,47,0,3.06
462,Robertsport,moderate rain,2021-02-18 04:08:59,6.7533,-11.3686,75.27,90,100,17.0
463,Cedral,clear sky,2021-02-18 04:08:59,23.8,-100.7333,63.21,27,0,13.69
464,Yelovo,clear sky,2021-02-18 04:08:59,57.0538,54.9207,-12.87,87,2,4.99
465,Wanxian,broken clouds,2021-02-18 04:04:10,30.8039,108.3897,65.77,46,84,2.19
466,Toora-Khem,light snow,2021-02-18 04:08:59,52.4675,96.11,27.66,95,100,4.12
467,Xiongzhou,clear sky,2021-02-18 04:08:59,25.1167,114.3,63.63,35,0,8.7
468,Lima,clear sky,2021-02-18 04:08:19,-12.0432,-77.0282,73.99,83,0,6.91
469,Marienburg,few clouds,2021-02-18 04:09:00,54.0359,19.0266,19.4,73,20,8.05
470,Sept-Iles,clear sky,2021-02-18 04:09:00,50.2001,-66.3821,8.6,78,1,6.91
471,Iqaluit,broken clouds,2021-02-18 04:09:00,63.7506,-68.5145,-5.01,59,75,4.61
472,Launceston,clear sky,2021-02-18 04:09:00,-41.45,147.1667,78.01,44,1,12.66
473,Portland,overcast clouds,2021-02-18 03:59:30,45.5234,-122.6762,41.0,75,90,3.71
474,Chippewa Falls,overcast clouds,2021-02-18 04:09:00,44.9369,-91.3929,10.0,78,90,3.4
475,Itarema,overcast clouds,2021-02-18 03:59:12,-2.9248,-39.9167,76.19,85,98,5.75
476,Rustenburg,clear sky,2021-02-18 04:09:00,-25.6676,27.2421,66.15,58,0,2.39
477,Sinnamary,broken clouds,2021-02-18 04:09:01,5.3833,-52.95,75.09,81,80,9.86
478,Pindiga,scattered clouds,2021-02-18 04:09:01,9.9833,10.9333,60.06,33,34,13.13
479,Vitim,overcast clouds,2021-02-18 04:09:01,59.4511,112.5578,8.1,91,100,3.62
480,Tautira,light rain,2021-02-18 03:59:13,-17.7333,-149.15,86.0,66,20,4.61
481,Agadez,clear sky,2021-02-18 04:09:01,19.75,10.25,46.99,48,0,8.75
482,Seydi,overcast clouds,2021-02-18 04:09:01,39.4816,62.9137,62.94,28,99,25.86
483,Bud,light snow,2021-02-18 03:59:24,39.447,-86.1758,19.99,74,100,6.69
484,North Bend,clear sky,2021-02-18 04:05:21,43.4065,-124.2243,44.6,87,1,3.44
485,Labuan,scattered clouds,2021-02-18 04:09:01,5.2767,115.2417,78.8,89,40,2.3
486,Cururupu,light rain,2021-02-18 04:09:02,-1.8283,-44.8683,74.26,96,100,3.31
487,Bagan,overcast clouds,2021-02-18 03:59:49,54.1001,77.6646,-4.88,89,100,3.49
488,Pangody,scattered clouds,2021-02-18 03:59:19,65.85,74.4859,-36.71,82,31,9.08
489,Tura,overcast clouds,2021-02-18 04:09:02,25.5198,90.2201,82.4,25,94,2.13
490,Punta Umbria,overcast clouds,2021-02-18 04:09:02,37.1821,-6.9661,48.99,78,100,1.01
491,Albacete,clear sky,2021-02-18 04:09:02,38.8333,-2.0,39.2,81,0,5.75
492,Brunswick,overcast clouds,2021-02-18 04:05:26,41.2381,-81.8418,19.4,68,90,11.5
493,Los Llanos De Aridane,clear sky,2021-02-18 03:59:41,28.6585,-17.9182,62.6,55,0,6.91
494,Mae Sai,few clouds,2021-02-18 04:09:02,20.4335,99.8762,79.0,78,20,2.3
495,Talcher,clear sky,2021-02-18 04:09:02,20.95,85.2167,84.29,39,0,1.86
496,Laguna,clear sky,2021-02-18 03:59:32,38.421,-121.4238,55.4,33,1,10.36
497,Dicabisagan,broken clouds,2021-02-18 04:09:02,17.0818,122.4157,72.73,83,81,15.66
498,Yemtsa,overcast clouds,2021-02-18 04:09:03,63.0734,40.3329,-12.86,85,100,7.43
499,Manado,scattered clouds,2021-02-18 03:55:53,1.487,124.8455,80.6,89,40,4.61
500,Rubiataba,overcast clouds,2021-02-18 04:09:03,-15.1644,-49.8033,70.21,94,100,4.09
501,Alquizar,few clouds,2021-02-18 04:09:03,22.8058,-82.5842,75.0,94,20,3.44
502,Nusaybin,scattered clouds,2021-02-18 04:09:03,37.0778,41.2178,35.6,80,40,4.61
503,Tinskoy,light snow,2021-02-18 04:09:03,56.1525,96.9161,10.74,94,100,9.1
504,Dunmore East,overcast clouds,2021-02-18 04:09:03,52.1514,-6.9861,39.0,90,100,3.0
505,Varhaug,scattered clouds,2021-02-18 04:09:03,58.6147,5.6457,39.2,70,40,19.57
506,Kanata,overcast clouds,2021-02-18 04:09:03,45.3159,-75.8985,10.99,72,94,4.94
507,Arrecife,clear sky,2021-02-18 03:59:36,28.963,-13.5477,59.0,72,0,9.22
508,Vila Franca Do Campo,broken clouds,2021-02-18 03:59:17,37.7167,-25.4333,53.6,87,75,8.66
509,Nivala,scattered clouds,2021-02-18 04:09:04,63.9167,24.9667,-6.0,86,46,4.94
510,Novy Bydzov,clear sky,2021-02-18 04:09:04,50.2415,15.4908,36.0,93,0,2.3
511,Port Keats,clear sky,2021-02-18 03:59:46,-14.25,129.55,93.07,54,2,7.43
512,Bonthe,overcast clouds,2021-02-18 04:09:04,7.5264,-12.505,76.35,89,100,5.35
513,Catia La Mar,scattered clouds,2021-02-18 04:09:04,10.6038,-67.0303,75.2,88,40,5.75
514,Neijiang,overcast clouds,2021-02-18 04:09:04,29.5835,105.0622,55.99,69,100,2.75
515,Chiang Rai,few clouds,2021-02-18 04:09:04,19.9167,99.9167,79.0,78,20,2.3
516,Kelso,few clouds,2021-02-18 04:07:52,46.1468,-122.9084,39.0,93,20,3.04
517,Leh,clear sky,2021-02-18 03:59:26,34.1667,77.5833,10.47,61,0,1.72
518,Kasungu,overcast clouds,2021-02-18 04:09:04,-13.0333,33.4833,65.77,95,100,1.45
519,Mahalapye,few clouds,2021-02-18 04:09:05,-23.1041,26.8142,68.16,52,20,1.99
520,Sorong,overcast clouds,2021-02-18 04:09:05,-0.8833,131.25,83.62,75,89,10.16
521,Nome,clear sky,2021-02-18 03:59:45,64.5011,-165.4064,-0.4,60,1,6.91
522,Oranjestad,scattered clouds,2021-02-18 03:57:26,12.524,-70.027,78.8,73,40,17.27
523,Teloloapan,broken clouds,2021-02-18 04:09:05,18.35,-99.85,66.99,21,72,2.77
524,Ancud,overcast clouds,2021-02-18 03:59:36,-41.8697,-73.8203,57.99,94,90,16.11
525,Mareeba,light rain,2021-02-18 03:59:48,-17.0,145.4333,81.0,89,90,5.75
526,Stillwater,overcast clouds,2021-02-18 04:04:49,36.1156,-97.0584,17.6,73,90,6.91
527,Itacarambi,moderate rain,2021-02-18 04:09:05,-15.1022,-44.0919,70.99,92,100,4.94
528,Groa,overcast clouds,2021-02-18 04:09:05,62.65,8.7167,37.4,48,100,5.75
529,Biltine,clear sky,2021-02-18 04:09:05,14.5333,20.9167,52.63,36,0,15.43
530,Sherghati,mist,2021-02-18 04:09:06,24.5667,84.7833,64.4,88,40,5.75
531,Tuatapere,clear sky,2021-02-18 04:09:06,-46.1333,167.6833,61.0,74,7,13.0
532,Shaoguan,clear sky,2021-02-18 04:09:06,24.8,113.5833,65.93,32,0,5.46
533,Acarau,overcast clouds,2021-02-18 04:09:06,-2.8856,-40.12,76.53,84,98,6.89
534,Marsh Harbour,broken clouds,2021-02-18 04:05:14,26.5412,-77.0636,75.33,86,77,12.37
535,Broome,overcast clouds,2021-02-18 04:09:06,42.2506,-75.833,17.6,62,90,4.61
536,Muli,clear sky,2021-02-18 04:09:06,2.9167,73.5667,82.15,77,7,13.94
537,Kangaatsiaq,scattered clouds,2021-02-18 03:59:31,68.3065,-53.4641,-3.17,94,42,8.19
538,Atikokan,broken clouds,2021-02-18 04:09:06,48.7555,-91.6216,0.9,90,82,2.44
539,Kismayo,overcast clouds,2021-02-18 04:09:06,-0.3582,42.5454,78.1,80,98,13.49
540,Skagen,light rain,2021-02-18 04:09:06,57.7209,10.5839,32.0,92,100,18.99
541,Taseyevo,overcast clouds,2021-02-18 04:09:07,57.2169,94.8978,8.01,92,100,11.36
542,Moose Factory,clear sky,2021-02-18 04:09:07,51.2585,-80.6094,-2.2,84,1,5.75
543,Latung,overcast clouds,2021-02-18 04:09:07,5.5,120.8833,82.8,77,99,20.13
544,Yanam,haze,2021-02-18 04:07:11,16.7333,82.2167,78.8,73,20,6.91
545,Aras,mist,2021-02-18 04:09:07,42.5617,-2.356,39.2,100,100,1.14
546,Mallaig,scattered clouds,2021-02-18 04:09:07,54.2169,-111.3685,1.4,77,44,5.75
547,Kalmunai,overcast clouds,2021-02-18 03:59:48,7.4167,81.8167,80.13,73,89,6.89
548,Chepareria,overcast clouds,2021-02-18 04:09:07,1.3077,35.2039,63.63,54,100,4.41
549,Tonekabon,overcast clouds,2021-02-18 04:09:07,36.8163,50.8738,48.2,100,90,9.22
550,Clyde River,few clouds,2021-02-18 03:59:23,70.4692,-68.5914,-11.2,84,20,6.91
551,Kimbe,light rain,2021-02-18 03:59:13,-5.5502,150.1429,86.43,66,100,5.48
552,Dhidhdhoo,scattered clouds,2021-02-18 04:09:08,6.8833,73.1,80.91,68,31,5.99
553,Hay River,clear sky,2021-02-18 03:59:15,60.8156,-115.7999,-7.6,77,0,8.05
554,Roebourne,clear sky,2021-02-18 04:09:08,-20.7833,117.1333,91.24,48,0,7.23
555,Chokwe,overcast clouds,2021-02-18 04:09:08,-24.5333,32.9833,72.99,84,100,12.91
556,Suleja,scattered clouds,2021-02-18 04:09:08,9.1758,7.1808,68.14,25,31,9.31
557,Novyy Urengoy,clear sky,2021-02-18 04:09:08,66.0833,76.6333,-36.67,82,9,9.24
558,Meulaboh,scattered clouds,2021-02-18 03:59:08,4.1363,96.1285,86.16,58,50,1.41
559,Khash,clear sky,2021-02-18 04:09:08,28.2211,61.2158,57.88,29,4,1.99
560,Innisfail,light rain,2021-02-18 04:09:08,-17.5333,146.0333,75.72,93,100,1.25
561,Pafos,broken clouds,2021-02-18 04:09:09,34.7667,32.4167,46.4,49,75,6.91
562,Sar-E Pul,clear sky,2021-02-18 04:09:09,35.8333,66.1667,48.79,39,6,10.11
563,College,broken clouds,2021-02-18 03:59:28,64.8569,-147.8028,5.0,78,75,3.44
564,Tagusao,overcast clouds,2021-02-18 04:09:09,9.1924,117.8141,82.67,70,98,9.01
565,Bismarck,overcast clouds,2021-02-18 04:07:01,46.8083,-100.7837,8.6,72,90,3.4
566,Rupert,clear sky,2021-02-18 04:09:09,42.6191,-113.6772,28.4,74,1,10.36
567,Lonevag,few clouds,2021-02-18 04:09:09,60.5262,5.4937,39.2,65,20,11.5
568,Clarence Town,scattered clouds,2021-02-18 03:59:52,-32.5833,151.7833,80.01,65,40,17.27
569,Gazojak,overcast clouds,2021-02-18 04:09:09,41.1875,61.4036,58.95,33,100,11.54
570,Okha,light snow,2021-02-18 04:09:10,53.5739,142.9478,6.71,94,100,16.51
571,Athens,scattered clouds,2021-02-18 04:09:10,37.9795,23.7162,42.01,86,40,3.53
572,Luganville,moderate rain,2021-02-18 04:09:10,-15.5333,167.1667,85.06,70,59,4.9
573,Turtas,overcast clouds,2021-02-18 04:09:10,58.9417,69.1325,-13.45,90,91,2.01
574,Kloulklubed,broken clouds,2021-02-18 03:59:31,7.0419,134.2556,86.0,74,75,8.05
575,Umea,light snow,2021-02-18 04:06:13,63.8284,20.2597,6.8,85,90,2.3
576,Port-Gentil,overcast clouds,2021-02-18 03:59:33,-0.7193,8.7815,80.47,80,100,17.96
577,Ilhabela,broken clouds,2021-02-18 03:59:23,-23.7781,-45.3581,75.49,78,54,4.99
578,Mikumi,overcast clouds,2021-02-18 04:09:10,-7.4041,36.9831,69.3,92,100,4.47
579,Tolaga Bay,broken clouds,2021-02-18 03:59:45,-38.3667,178.3,62.96,58,55,9.98
580,Moyo,overcast clouds,2021-02-18 04:07:00,3.6609,31.7247,70.34,68,100,2.66
581,Vao,few clouds,2021-02-18 03:59:33,-22.6667,167.4833,80.51,89,23,12.82
582,Hualmay,clear sky,2021-02-18 03:59:25,-11.0964,-77.6139,72.09,73,3,4.92
583,Makueni,overcast clouds,2021-02-18 04:09:11,-1.8041,37.6203,61.59,87,92,0.94
584,Zhuhai,clear sky,2021-02-18 04:04:19,22.2769,113.5678,75.99,42,0,10.36
585,Yar-Sale,overcast clouds,2021-02-18 03:59:18,66.8333,70.8333,-18.78,87,100,10.71
586,Koping,overcast clouds,2021-02-18 04:09:11,59.514,15.9926,24.8,74,90,5.75
587,Pirapora,very heavy rain,2021-02-18 04:09:12,-17.345,-44.9419,71.89,91,100,6.31
588,Mahibadhoo,clear sky,2021-02-18 04:09:12,3.7833,72.9667,81.66,78,5,12.06
589,Payo,broken clouds,2021-02-18 04:09:12,-3.7508,103.6372,79.54,88,69,4.52
590,Esmeralda,few clouds,2021-02-18 04:09:12,21.8525,-78.1169,71.6,94,12,6.91
591,Yinchuan,clear sky,2021-02-18 04:09:12,38.4681,106.2731,45.77,42,0,3.62
592,Namerikawa,snow,2021-02-18 04:05:09,36.7667,137.3333,36.0,93,75,9.22
593,Boldu,overcast clouds,2021-02-18 04:09:12,45.3333,27.2333,30.51,98,100,6.11
594,Richards Bay,scattered clouds,2021-02-18 04:09:12,-28.783,32.0377,67.08,84,37,4.79
595,Maridi,overcast clouds,2021-02-18 04:09:12,4.9158,29.4742,72.88,50,97,2.59
596,Aksay,clear sky,2021-02-18 04:09:13,47.26,39.87,8.6,85,0,3.67
597,Semnan,overcast clouds,2021-02-18 04:09:13,35.5729,53.3971,53.76,41,99,2.98
598,Goya,clear sky,2021-02-18 04:09:13,-29.14,-59.2626,65.37,42,0,3.69
599,Orocue,broken clouds,2021-02-18 04:09:13,4.7912,-71.3354,81.14,55,73,6.87
600,Babahoyo,moderate rain,2021-02-18 04:09:13,-1.8167,-79.5167,80.6,74,75,8.05
601,Darhan,light snow,2021-02-18 04:09:13,49.4867,105.9228,26.8,91,100,9.75
602,Tondano,scattered clouds,2021-02-18 04:05:25,1.3038,124.9112,78.8,94,40,2.3
603,Ios,scattered clouds,2021-02-18 04:09:13,36.7333,25.2833,42.01,75,29,4.61
604,Megion,clear sky,2021-02-18 04:09:13,61.0296,76.1136,-27.4,75,0,6.71
605,Kirakira,overcast clouds,2021-02-18 04:09:14,-10.4544,161.9205,87.28,66,100,3.98
606,Ahipara,overcast clouds,2021-02-18 04:09:14,-35.1667,173.1667,70.34,56,90,6.78
607,Shilka,broken clouds,2021-02-18 04:07:46,51.85,116.0333,16.81,93,55,6.42
608,Flin Flon,overcast clouds,2021-02-18 03:59:23,54.7682,-101.865,-4.52,92,89,3.76
609,Diamantina,light rain,2021-02-18 04:09:14,-18.2494,-43.6003,65.17,94,100,4.09
610,Iralaya,broken clouds,2021-02-18 04:09:14,15.0,-83.2333,78.39,80,62,12.17
611,Yarmouth,clear sky,2021-02-18 04:09:14,41.7057,-70.2286,30.99,68,1,11.32
612,Colon,broken clouds,2021-02-18 04:05:37,9.3592,-79.9014,79.0,74,52,5.99
613,Semporna,few clouds,2021-02-18 04:09:14,4.4818,118.6112,86.0,70,20,5.75
614,Ati,clear sky,2021-02-18 04:07:01,13.2154,18.3353,56.16,33,0,16.82
615,Imbituba,few clouds,2021-02-18 04:09:14,-28.24,-48.6703,71.6,83,20,5.75
616,Santa Rosalia,clear sky,2021-02-18 04:09:15,27.3167,-112.2833,55.06,74,0,1.81
617,Fuerte,scattered clouds,2021-02-18 04:09:15,17.5381,120.3644,82.99,52,33,22.66
618,Bam,broken clouds,2021-02-18 04:09:15,29.106,58.357,67.48,22,77,7.99
619,Fez,clear sky,2021-02-18 04:04:43,34.0372,-4.9998,46.4,87,0,5.75
620,Pacific Grove,clear sky,2021-02-18 03:59:27,36.6177,-121.9166,55.4,71,1,3.38
621,Matay,clear sky,2021-02-18 04:09:15,28.419,30.7792,40.57,78,0,6.55
622,Aldan,overcast clouds,2021-02-18 04:09:15,58.6031,125.3894,-2.42,87,98,2.86
623,Sibolga,overcast clouds,2021-02-18 04:09:15,1.7427,98.7792,87.85,53,99,3.47
624,Andenes,broken clouds,2021-02-18 04:09:15,69.3143,16.1194,24.01,86,55,6.91
625,Lang Suan,few clouds,2021-02-18 04:09:15,9.9456,99.0785,84.2,61,20,13.8
626,Kovdor,overcast clouds,2021-02-18 04:09:16,67.5662,30.4758,-2.65,92,95,1.99
627,Tabou,overcast clouds,2021-02-18 04:09:16,4.423,-7.3528,74.64,89,99,3.69
628,Ratnagiri,overcast clouds,2021-02-18 04:09:16,16.9833,73.3,79.86,58,99,0.58
629,Antofagasta,clear sky,2021-02-18 04:08:31,-23.65,-70.4,62.6,88,0,5.75
630,Conceicao Do Araguaia,overcast clouds,2021-02-18 04:09:16,-8.2578,-49.2647,71.62,94,100,2.8
631,Smithers,few clouds,2021-02-18 04:09:16,54.7804,-127.1743,17.6,93,20,1.7
632,Xinan,few clouds,2021-02-18 04:09:16,26.72,119.8556,53.83,68,17,2.95
633,Oda,snow,2021-02-18 04:09:16,35.1833,132.5,32.0,86,75,11.5
634,Ambilobe,broken clouds,2021-02-18 04:09:16,-13.2,49.05,78.48,87,78,1.43
635,Nizhniy Ingash,light snow,2021-02-18 04:09:17,56.2,96.53,10.9,95,100,8.23
636,Puerto Suarez,clear sky,2021-02-18 04:09:17,-18.95,-57.8,73.54,85,1,0.18
637,Asyut,clear sky,2021-02-18 04:09:17,27.181,31.1837,41.0,75,0,11.5
638,Alexandria,scattered clouds,2021-02-18 04:06:55,31.2156,29.9553,53.6,62,40,16.11
639,Usinsk,overcast clouds,2021-02-18 04:09:17,65.9939,57.5281,-20.85,87,100,17.05
640,Shirokiy,scattered clouds,2021-02-18 04:09:17,49.758,129.523,5.45,90,26,6.6
641,Mitsamiouli,overcast clouds,2021-02-18 04:09:17,-11.3847,43.2844,81.45,79,100,7.47
642,Aksu,clear sky,2021-02-18 04:09:17,41.1231,80.2644,43.16,55,0,0.36
643,Brazzaville,light rain,2021-02-18 04:09:17,-4.2658,15.2832,73.4,94,20,4.61
644,Saint Anthony,light snow,2021-02-18 03:59:22,45.0205,-93.218,9.0,72,90,5.75
645,Rocha,scattered clouds,2021-02-18 04:09:18,-34.4833,-54.3333,64.51,95,26,6.11
646,Canon City,light snow,2021-02-18 04:09:18,38.441,-105.2424,26.6,93,90,6.91
647,Anzio,scattered clouds,2021-02-18 04:07:05,41.4853,12.6179,48.2,87,40,4.61
648,Xixiang,overcast clouds,2021-02-18 04:09:18,35.1628,112.865,57.79,30,87,7.02
649,Swellendam,light rain,2021-02-18 04:09:18,-34.0226,20.4417,60.8,72,65,5.75
650,Yazoo City,light rain,2021-02-18 04:09:18,32.8551,-90.4056,33.8,100,90,7.58
651,Juneau,light snow,2021-02-18 04:08:49,58.3019,-134.4197,35.6,80,90,9.22
652,Pak Phanang,scattered clouds,2021-02-18 04:09:18,8.3511,100.202,89.01,66,40,5.75
653,Praia,dust,2021-02-18 04:09:18,14.9215,-23.5087,69.8,60,100,14.97
654,Jieshi,clear sky,2021-02-18 04:09:18,22.8134,115.8257,66.99,50,1,1.99
655,Awjilah,clear sky,2021-02-18 04:09:19,29.1081,21.2869,47.57,79,1,6.76
656,Saint-Georges,few clouds,2021-02-18 04:09:19,12.0564,-61.7485,77.0,69,20,17.27
657,Dongfeng,clear sky,2021-02-18 04:09:19,42.6403,125.5118,15.3,85,0,6.11
658,Derazhnya,overcast clouds,2021-02-18 04:09:19,49.2692,27.4338,15.87,97,94,6.04
659,Roald,broken clouds,2021-02-18 04:09:19,62.5833,6.1333,39.2,60,66,12.66
660,Teya,overcast clouds,2021-02-18 04:09:19,60.3778,92.6267,-5.28,85,100,9.8
661,Patrocinio,overcast clouds,2021-02-18 04:09:19,-18.9439,-46.9925,68.0,100,100,2.62
662,Emba,snow,2021-02-18 04:09:19,48.8264,58.1442,19.4,97,100,12.95
663,Kabompo,overcast clouds,2021-02-18 04:09:19,-13.5927,24.2008,62.1,98,100,1.23
664,Xuddur,scattered clouds,2021-02-18 04:09:19,4.1213,43.8894,66.56,92,49,17.05
665,Kungurtug,overcast clouds,2021-02-18 03:59:52,50.5994,97.5228,28.42,88,91,3.0
666,Bilma,clear sky,2021-02-18 03:59:34,18.6853,12.9164,48.47,44,0,6.96
667,Otradnoye,few clouds,2021-02-18 04:09:20,59.7775,30.8181,-11.0,76,20,4.47
668,Qaqortoq,few clouds,2021-02-18 03:59:32,60.7167,-46.0333,14.0,48,20,1.14
669,Katete,light rain,2021-02-18 04:09:20,-0.7818,29.7544,62.83,93,100,1.43
670,Khabary,overcast clouds,2021-02-18 04:09:20,53.6259,79.5345,-1.84,89,100,3.06
671,Ampanihy,overcast clouds,2021-02-18 03:59:41,-24.7,44.75,77.05,77,100,5.91
672,Ahuimanu,broken clouds,2021-02-18 04:09:20,21.4447,-157.8378,77.0,73,75,10.36
673,Abu Kamal,scattered clouds,2021-02-18 04:09:20,34.4506,40.9171,45.14,61,33,7.85
674,San Felipe,overcast clouds,2021-02-18 04:09:20,10.3399,-68.7425,70.48,87,91,6.11
675,Elko,clear sky,2021-02-18 04:09:21,41.0002,-115.5012,23.0,74,0,1.99
676,Tabursuq,clear sky,2021-02-18 04:09:21,36.4569,9.2475,37.4,93,5,2.64
677,Seoul,clear sky,2021-02-18 04:00:19,37.5683,126.9778,26.6,31,0,16.11
678,Yining,clear sky,2021-02-18 04:09:21,29.0361,114.5636,63.32,38,2,1.01
